user_id,first_name,last_name,gender,email,phone,date_of_birth,job_title,joining_date,salary
88F7B33d2bcf9f5,Shelby,Terrell,Male,elijah57@example.net,555-123-4567,1945-10-26,Games developer,2023-01-05,52000
f90cD3E76f1A9b9,Phillip,Summers,Female,bethany14@example.com,555-987-6543,1910-03-24,Phytotherapist,2022-03-12,69000
DbeAb8CcdfeFC2c,Kristine,Travis,Male,bthompson@example.com,555-876-5432,1992-07-02,Homeopath,2023-08-28,48000
A31Bee3c201ef58,Yesenia,Martinez,Male,kaitlinkaiser@example.com,555-234-5678,2017-08-03,Market researcher,2022-06-17,25000
1bA7A3dc874da3c,Lori,Todd,Male,buchananmanuel@example.net,555-345-6789,1938-12-01,Veterinary surgeon,2023-11-09,0
bfDD7CDEF5D865B,Erin,Day,Male,tconner@example.org,555-890-1234,2015-10-28,Waste management officer,2022-04-23,27000
bE9EEf34cB72AF7,Katherine,Buck,Female,conniecowan@example.com,555-456-7890,1989-01-22,Intelligence analyst,2023-09-08,25900
2EFC6A4e77FaEaC,Ricardo,Hinton,Male,wyattbishop@example.com,555-678-9012,1924-03-26,Hydrogeologist,2022-02-14,45600
baDcC4DeefD8dEB,Dave,Farrell,Male,nmccann@example.net,555-321-0987,2018-10-06,Lawyer,2023-07-19,52300
8e4FB470FE19bF0,Isaiah,Downs,Male,virginiaterrell@example.org,555-789-0123,1964-09-20,"Engineer, site",2022-12-03,89600
BF0BbA03C29Bb3b,Sheila,Ross,Female,huangcathy@example.com,555-210-9876,2008-03-20,Advertising account executive,2023-05-06,50000
F738c69fB34E62E,Stacy,Newton,Male,rayleroy@example.org,555-543-2109,1980-10-20,Warden/ranger,2022-10-31,96000
C03fDADdAadAdCe,Mandy,Blake,Male,jefferynoble@example.org,555-876-5432,2007-12-08,"Scientist, clinical (histocompatibility and immunogenetics)",2023-01-15,48000
b759b74BD1dE80d,Bridget,Nash,Female,mercedes44@example.com,555-109-8765,2004-06-28,Social worker,2022-03-20,31000
1F0B7D65A00DAF9,Crystal,Farmer,Male,pmiranda@example.org,555-234-5678,1992-03-09,Agricultural consultant,2023-08-04,25600
50Bb061cB30B461,Thomas,Knight,Female,braunpriscilla@example.net,555-987-6543,2006-02-18,Sport and exercise psychologist,2022-06-09,34800
D6dbA5308fEC4BC,Maurice,Rangel,Male,sheenabanks@example.com,555-456-7890,2004-08-20,Secretary/administrator,2023-11-28,78500
311D775990f066d,Frank,Meadows,Male,gbrewer@example.org,555-678-9012,2008-09-16,Audiological scientist,2022-04-12,86005
7F7E1BAcb0C9AFf,Alvin,Paul,Male,gilbertdonaldson@example.com,555-321-0987,1949-05-12,"Teacher, adult education",2023-09-22,48500
88473e15D5c3cD0,Jared,Mitchell,Female,jcortez@example.com,555-890-1234,1921-01-18,Paediatric nurse,2022-02-08,26800
b31D271F8c200AB,Jacqueline,Norton,Female,carias@example.net,555-543-2109,1952-10-09,"Scientist, marine",2023-07-10,79500
42F4BdA841aBadC,Colleen,Hatfield,Female,fknox@example.org,555-012-9876,1949-10-14,Commercial horticulturist,2022-12-17,68200
cBbBcA0FCA3C4Bc,Randy,Barnes,Male,huangbill@example.org,555-789-0123,1947-12-30,Outdoor activities/education manager,2023-05-29,35400
f1f89173353aD90,Janice,Rhodes,Female,juarezdominique@example.net,555-234-5678,1999-11-01,Drilling engineer,2022-10-14,46200
c5B09fb33e8bA0A,Alfred,Mcneil,Female,cassandramorris@example.com,555-987-6543,1993-05-28,Systems analyst,2023-01-25,46000
c9F2282C40BEC1E,Sean,Levine,Male,sallymiller@example.net,555-210-9876,2010-10-09,"Conservation officer, nature",2022-03-03,60000
9c1bc7EC53Fb7cE,Louis,Payne,Male,bsullivan@example.net,555-890-1234,1916-01-29,Counsellor,2023-08-10,0
ddEc50e2A2e3a2B,Brittney,Vega,Female,ayalajose@example.net,555-543-2109,1932-10-31,Recycling officer,2022-06-23,36800
66F096D36Ebae11,Judy,Buckley,Male,irosales@example.net,555-456-7890,1963-07-28,Art gallery manager,2023-11-14,78400
F0fE2faAd78F8b5,Norman,Weber,Male,mconrad@example.com,555-109-8765,1957-05-21,Gaffer,2022-04-06,58400
5d2feAfbdCAA6B5,Isaiah,Camacho,Female,jimblake@example.org,555-678-9012,1966-04-07,Food technologist,2023-09-15,86400
cDa5F303fCd6dEa,Jacqueline,Gallagher,Male,nsampson@example.net,555-321-0987,1999-02-25,Building services engineer,2022-02-20,45000
8Ef7DBfcaB02b6B,Bonnie,Andrews,Female,caitlin24@example.net,555-234-5678,1953-12-21,Seismic interpreter,2023-07-04,86999
6Dec5b5542F8ed8,Brandon,Schmidt,Female,mconley@example.net,555-890-1234,1931-05-12,"Engineer, biomedical",2022-12-09,28500
3Fb8a7f68e12784,Jackson,Sparks,Female,reynoldsdarryl@example.net,555-987-6543,1980-11-18,Set designer,2023-05-16,39500
035eff50B9A0F24,Melody,Cook,Male,jeannovak@example.org,555-210-9876,1963-06-25,Research scientist (life sciences),2022-10-05,65000
aa614aAE4B7Cf0C,Leonard,Hurst,Male,clinton78@example.org,555-109-8765,1938-03-13,"Accountant, chartered management",2023-01-10,36500
ACcde95AAe3e6cC,Gene,Rich,Female,luisdeleon@example.org,555-321-0987,1946-08-22,"Surveyor, quantity",2022-03-27,34900
b6a35de5CB6fc25,Cynthia,Wiggins,Female,rosariodave@example.org,555-456-7890,1984-01-27,Outdoor activities/education manager,2023-08-17,28000
e92A191E345fA3A,Tanya,Mckinney,Female,vickihouston@example.com,555-543-2109,2003-03-12,Information systems manager,2022-06-02,56000
7D0AcBF6CCac3fd,Matthew,Stone,Female,evelyn31@example.org,555-678-9012,2017-08-23,"Scientist, clinical (histocompatibility and immunogenetics)",2023-11-19,35000
CEFA7BBCef013AE,Kirk,Walsh,Female,stephenfuller@example.org,555-789-0123,2009-04-08,Accounting technician,2022-04-16,59800
9edBC94aE7cA22a,Willie,Vang,Female,haleymathews@example.net,555-012-9876,1978-02-02,Management consultant,2023-09-29,48050
fFe7BAA737aDbe2,Miguel,Hill,Female,tyrone56@example.org,555-234-5678,1930-08-26,Make,2022-02-03,27000
5F2f3fAca8B0946,Darren,Andrews,Male,lhernandez@example.com,555-543-2109,1997-10-04,Retail banker,2023-07-28,96000
6bFcfc3cc1BC6B4,Haley,Pugh,Female,molly03@example.org,555-210-9876,1980-09-16,Commissioning editor,2022-12-22,26800
f3BD2cBF7eEb6df,Danielle,Estrada,Female,jvang@example.org,555-321-0987,1930-07-09,"Accountant, chartered management",2023-05-09,56900
Ee4eB129dC7913A,Becky,Brady,Male,erikmueller@example.org,555-109-8765,1957-06-27,Seismic interpreter,2022-10-24,25600
dBCEf340C3657Eb,Caitlyn,Frey,Male,rivasdominique@example.org,555-678-9012,1968-01-26,Jewellery designer,2023-01-19,35400
E47FB71DD9ACCd9,Joshua,Sweeney,Male,daisymcgee@example.net,555-890-1234,1954-07-28,"Education officer, museum",2022-03-08,48500
eA3fDd79BE9f0E7,Heidi,Escobar,Female,staffordtravis@example.net,555-789-0123,1931-09-25,Estate manager/land agent,2023-08-21,87000
aF0eE4547Bc025c,Brian,Oconnell,Female,saralong@example.net,555-456-7890,1911-10-23,Physiotherapist,2022-06-14,48500
9F5DeD7aD228F5a,Beverly,Esparza,Female,iphelps@example.net,555-987-6543,1930-12-09,Passenger transport manager,2023-11-30,69500
D3Fa0220dDE4d36,Nathaniel,Rivas,Female,roberto29@example.com,555-321-0987,1908-11-17,Call centre manager,2022-04-02,34800
60FdBFd5e7BE8fF,Debra,Payne,Female,yolanda07@example.org,555-012-9876,1927-08-20,Special educational needs teacher,2023-09-12,78400
D8bF5Ab2b98caff,Mackenzie,Rocha,Female,abbottyvette@example.net,555-678-9012,1980-10-21,Museum/gallery exhibitions officer,2022-02-17,48500
CD8d33aA25bc8BB,Courtney,Watkins,Female,ochang@example.org,555-890-1234,2003-12-07,Pension scheme manager,2023-07-01,32600
Fac3BfFf0A3d03c,Fred,Olsen,Female,amyanderson@example.com,555-210-9876,1910-04-10,Archaeologist,2022-12-06,45000
e552D7ddafe1FFb,Ryan,Nelson,Female,qnorman@example.org,555-543-2109,1924-05-02,Historic buildings inspector/conservation officer,2023-05-23,60000
0f8deedb629A5f6,Grace,Phelps,Male,clarkeangela@example.net,555-109-8765,1909-10-15,Petroleum engineer,2022-10-10,68200
bB9e49E506F65ed,Shari,Daugherty,Male,kalvarado@example.org,555-234-5678,1944-11-24,Curator,2023-01-30,86500
Ed724605A403D91,Kelli,Garner,Male,jodyvincent@example.org,555-789-0123,2010-01-17,Retail banker,2022-03-15,49600
0aBE5ACb18E0c10,Jackie,Bennett,Male,hutchinsonkirk@example.com,555-456-7890,1915-11-11,Neurosurgeon,2023-08-31,34860
5D2cb63CaAF53f6,Leslie,Conway,Female,floreschristina@example.org,555-987-6543,1983-11-06,Chiropractor,2022-06-06,98500
Ee6974f90eeCe18,Harold,Barnett,Female,nathan65@example.org,555-012-9876,1943-03-15,"Biochemist, clinical",2023-11-25,31500
cEf02C076afa07f,Larry,Harper,Male,maria32@example.org,555-890-1234,2021-05-05,"Scientist, water quality",2022-04-09,0
9Df5Ba591bF3EFf,Mike,Ward,Female,imccullough@example.com,555-321-0987,1967-11-09,Hydrologist,2023-09-19,78400
3faB1CBfEFBDdD4,Brittney,Rubio,Female,corey92@example.com,555-678-9012,1959-12-24,"Biochemist, clinical",2022-02-24,61500
Ebcefdf75eCb0a9,Frank,Pineda,Male,daltoncalvin@example.net,555-543-2109,1926-03-10,Hospital pharmacist,2023-07-07,65820
e75e5DBfcb68887,Sandra,Wu,Male,ubanks@example.com,555-109-8765,1925-04-28,Warehouse manager,2022-12-12,31520
6a53a8D41dDF6de,Ryan,Benton,Male,lopezdebbie@example.org,555-234-5678,2020-10-06,Physiological scientist,2023-05-19,95000
F0d3bD1aaf9E3Bc,Tamara,Hull,Male,meagan39@example.net,555-789-0123,1933-01-31,English as a second language teacher,2022-10-03,48200
5bC87340799FBD0,Jean,Ritter,Female,kristina76@example.com,555-456-7890,1985-08-06,Financial trader,2023-01-14,61520
dBfA17Aaf16b4ab,Veronica,Briggs,Female,weissbridget@example.com,555-321-0987,1974-06-08,Structural engineer,2022-03-01,65000
c935b7Eb6FA0B0F,Kim,Andrews,Female,wpetersen@example.org,555-890-1234,1990-11-15,"Biochemist, clinical",2023-08-14,45200
b3e15e65Ca2CcBf,Tina,Cunningham,Male,wongmary@example.org,555-987-6543,1956-11-29,Race relations officer,2022-06-27,34900
dade3452F0c32FD,Jonathon,Atkinson,Male,gailfrench@example.net,555-012-9876,2011-07-19,"Psychologist, forensic",2023-11-10,85000
AdEd6cfD85DeC46,Jermaine,Reid,Female,vpaul@example.com,555-210-9876,1974-08-18,Newspaper journalist,2022-04-04,26800
DAf111987098ae4,Regina,Stevens,Male,xpoole@example.net,555-543-2109,2011-11-28,Public house manager,2023-09-25,45000
6e6a5b885F6496d,Terrence,Huff,Male,cassandra80@example.org,555-678-9012,1944-02-27,Careers information officer,2022-02-10,65990
12DCb4ED8E01D5C,Tyler,Foley,Female,johnathan72@example.org,555-109-8765,1908-09-19,Economist,2023-07-22,35400
E1cB5cA8CA7CC0a,Andrew,Waters,Male,nhall@example.net,555-321-0987,1948-05-14,Jewellery designer,2022-12-27,45800
AedDfaE8Cf49F07,Reginald,Stephenson,Male,erikaball@example.net,555-789-0123,2010-02-08,Contracting civil engineer,2023-05-12,65900
bff9853aFAeF772,Douglas,Reese,Female,nixonvanessa@example.net,555-456-7890,1961-11-11,Higher education lecturer,2022-10-19,24500
E883773cA5219Be,Helen,Williamson,Female,melvin08@example.net,555-234-5678,1911-08-11,"Lecturer, further education",2023-01-22,85100
CB19EafEbBfF9eC,Mario,Vaughn,Male,oblake@example.com,555-012-9876,1990-07-08,Research scientist (life sciences),2022-03-10,45000
5834700fbEd2771,Chelsea,Dickson,Male,johnnyhendricks@example.net,555-890-1234,1958-05-13,"Teacher, early years/pre",2023-08-24,78400
2b0Ab1Dc9E01D7E,Dustin,Bailey,Male,pbarron@example.net,555-210-9876,1908-08-22,Travel agency manager,2022-06-19,65000
3f3a3D89ad042Dd,Harry,Medina,Female,olsenmalik@example.net,555-678-9012,1947-08-24,Technical sales engineer,2023-12-01,85600
9425E2F38C408ef,Kathy,Haney,Female,teresa37@example.com,555-543-2109,1955-09-02,Charity fundraiser,2022-04-14,45000
F0aeC9c2759F3C6,Alison,Nixon,Female,zmiles@example.net,555-321-0987,1941-07-10,Patent attorney,2023-09-05,95000
d6EA619A7C4aA95,Jamie,Hardy,Female,sheenadouglas@example.com,555-789-0123,1994-07-17,"Conservator, furniture",2022-02-28,23650
2A33E7Cad1bb0F5,Melody,Cox,Female,evan90@example.org,555-234-5678,1974-07-30,Dance movement psychotherapist,2023-07-13,24520
d181FFB7d3E68bb,Xavier,Cole,Male,nicolas90@example.org,555-456-7890,1938-11-29,Financial planner,2022-10-30,85200
feaBf8dAE0C0d6F,Dillon,Guzman,Female,angelanavarro@example.net,555-987-6543,1942-04-01,Air broker,2023-05-02,96450
5eFda7caAeB260E,Dennis,Barnes,Female,bmartin@example.org,555-012-9876,1954-07-30,Software engineer,2023-11-21,32560
CCbFce93d3720bE,Steve,Patterson,Female,latasha46@example.net,555-678-9012,1932-04-29,Barrister,2022-03-05,28000
2fEc528aFAF0b69,Wesley,Bray,Male,regina11@example.org,555-109-8765,1994-12-28,Police officer,2023-08-07,85900
Adc7ad9B6e4A1Fe,Summer,Oconnell,Female,alexiscantrell@example.org,555-890-1234,2012-04-12,Broadcast journalist,2022-06-10,0
b8D0aD3490FC7e1,Mariah,Bernard,Male,pcopeland@example.org,555-543-2109,2016-11-15,IT sales professional,2023-11-29,25600