user_id,first_name,last_name,gender,email,phone,date_of_birth,job_title,joining_date,salary,full_name,years_since_joining
88F7B33d2bcf9f5,Shelby,Terrell,Male,elijah57@example.net,555-123-4567,10/26/1945,Games developer,5/20/2011,52000,Shelby Terrell,12
f90cD3E76f1A9b9,Phillip,Summers,Female,bethany14@example.com,555-987-6543,3/24/1910,Phytotherapist,10/3/2015,69000,Phillip Summers,8
DbeAb8CcdfeFC2c,Kristine,Travis,Male,bthompson@example.com,555-876-5432,7/2/1992,Homeopath,1/14/2018,48000,Kristine Travis,6
A31Bee3c201ef58,Yesenia,Martinez,Male,kaitlinkaiser@example.com,555-234-5678,8/3/2017,Market researcher,7/8/2013,25000,Yesenia Martinez,10
bfDD7CDEF5D865B,Erin,Day,Male,tconner@example.org,555-890-1234,10/28/2015,Waste management officer,3/19/2012,27000,Erin Day,11
bE9EEf34cB72AF7,Katherine,Buck,Female,conniecowan@example.com,555-456-7890,1/22/1989,Intelligence analyst,8/25/2017,25900,Katherine Buck,6
2EFC6A4e77FaEaC,Ricardo,Hinton,Male,wyattbishop@example.com,555-678-9012,3/26/1924,Hydrogeologist,4/10/2014,45600,Ricardo Hinton,9
baDcC4DeefD8dEB,Dave,Farrell,Male,nmccann@example.net,555-321-0987,10/6/2018,Lawyer,9/27/2016,52300,Dave Farrell,7
8e4FB470FE19bF0,Isaiah,Downs,Male,virginiaterrell@example.org,555-789-0123,9/20/1964,"Engineer, site",6/6/2010,89600,Isaiah Downs,13
BF0BbA03C29Bb3b,Sheila,Ross,Female,huangcathy@example.com,555-210-9876,3/20/2008,Advertising account executive,11/11/2018,50000,Sheila Ross,5
F738c69fB34E62E,Stacy,Newton,Male,rayleroy@example.org,555-543-2109,10/20/1980,Warden/ranger,2/9/2013,96000,Stacy Newton,11
C03fDADdAadAdCe,Mandy,Blake,Male,jefferynoble@example.org,555-876-5432,12/8/2007,"Scientist, clinical (histocompatibility and immunogenetics)",7/2/2014,48000,Mandy Blake,9
b759b74BD1dE80d,Bridget,Nash,Female,mercedes44@example.com,555-109-8765,6/28/2004,Social worker,12/21/2012,31000,Bridget Nash,11
1F0B7D65A00DAF9,Crystal,Farmer,Male,pmiranda@example.org,555-234-5678,3/9/1992,Agricultural consultant,5/16/2017,25600,Crystal Farmer,6
50Bb061cB30B461,Thomas,Knight,Female,braunpriscilla@example.net,555-987-6543,2/18/2006,Sport and exercise psychologist,10/30/2011,34800,Thomas Knight,12
D6dbA5308fEC4BC,Maurice,Rangel,Male,sheenabanks@example.com,555-456-7890,8/20/2004,Secretary/administrator,1/25/2016,78500,Maurice Rangel,8
311D775990f066d,Frank,Meadows,Male,gbrewer@example.org,555-678-9012,9/16/2008,Audiological scientist,8/14/2013,86005,Frank Meadows,10
7F7E1BAcb0C9AFf,Alvin,Paul,Male,gilbertdonaldson@example.com,555-321-0987,5/12/1949,"Teacher, adult education",4/7/2010,48500,Alvin Paul,13
88473e15D5c3cD0,Jared,Mitchell,Female,jcortez@example.com,555-890-1234,1/18/1921,Paediatric nurse,9/9/2018,26800,Jared Mitchell,5
b31D271F8c200AB,Jacqueline,Norton,Female,carias@example.net,555-543-2109,10/9/1952,"Scientist, marine",3/4/2015,79500,Jacqueline Norton,8
42F4BdA841aBadC,Colleen,Hatfield,Female,fknox@example.org,555-012-9876,10/14/1949,Commercial horticulturist,6/29/2011,68200,Colleen Hatfield,12
cBbBcA0FCA3C4Bc,Randy,Barnes,Male,huangbill@example.org,555-789-0123,12/30/1947,Outdoor activities/education manager,11/18/2014,35400,Randy Barnes,9
f1f89173353aD90,Janice,Rhodes,Female,juarezdominique@example.net,555-234-5678,11/1/1999,Drilling engineer,2/15/2017,46200,Janice Rhodes,7
c5B09fb33e8bA0A,Alfred,Mcneil,Female,cassandramorris@example.com,555-987-6543,5/28/1993,Systems analyst,7/13/2012,46000,Alfred Mcneil,11
c9F2282C40BEC1E,Sean,Levine,Male,sallymiller@example.net,555-210-9876,10/9/2010,"Conservation officer, nature",12/10/2010,60000,Sean Levine,13
ddEc50e2A2e3a2B,Brittney,Vega,Female,ayalajose@example.net,555-543-2109,10/31/1932,Recycling officer,10/24/2016,36800,Brittney Vega,7
66F096D36Ebae11,Judy,Buckley,Male,irosales@example.net,555-456-7890,7/28/1963,Art gallery manager,1/19/2019,78400,Judy Buckley,5
F0fE2faAd78F8b5,Norman,Weber,Male,mconrad@example.com,555-109-8765,5/21/1957,Gaffer,8/8/2014,58400,Norman Weber,9
5d2feAfbdCAA6B5,Isaiah,Camacho,Female,jimblake@example.org,555-678-9012,4/7/1966,Food technologist,4/1/2011,86400,Isaiah Camacho,12
cDa5F303fCd6dEa,Jacqueline,Gallagher,Male,nsampson@example.net,555-321-0987,2/25/1999,Building services engineer,9/24/2015,45000,Jacqueline Gallagher,8
8Ef7DBfcaB02b6B,Bonnie,Andrews,Female,caitlin24@example.net,555-234-5678,12/21/1953,Seismic interpreter,3/10/2018,86999,Bonnie Andrews,5
6Dec5b5542F8ed8,Brandon,Schmidt,Female,mconley@example.net,555-890-1234,5/12/1931,"Engineer, biomedical",6/26/2012,28500,Brandon Schmidt,11
3Fb8a7f68e12784,Jackson,Sparks,Female,reynoldsdarryl@example.net,555-987-6543,11/18/1980,Set designer,11/5/2010,39500,Jackson Sparks,13
035eff50B9A0F24,Melody,Cook,Male,jeannovak@example.org,555-210-9876,6/25/1963,Research scientist (life sciences),2/28/2014,65000,Melody Cook,9
aa614aAE4B7Cf0C,Leonard,Hurst,Male,clinton78@example.org,555-109-8765,3/13/1938,"Accountant, chartered management",7/22/2016,36500,Leonard Hurst,7
ACcde95AAe3e6cC,Gene,Rich,Female,luisdeleon@example.org,555-321-0987,8/22/1946,"Surveyor, quantity",12/17/2011,34900,Gene Rich,12
b6a35de5CB6fc25,Cynthia,Wiggins,Female,rosariodave@example.org,555-456-7890,1/27/1984,Outdoor activities/education manager,5/11/2010,28000,Cynthia Wiggins,13
e92A191E345fA3A,Tanya,Mckinney,Female,vickihouston@example.com,555-543-2109,3/12/2003,Information systems manager,10/15/2018,56000,Tanya Mckinney,5
7D0AcBF6CCac3fd,Matthew,Stone,Female,evelyn31@example.org,555-678-9012,8/23/2017,"Scientist, clinical (histocompatibility and immunogenetics)",1/8/2013,35000,Matthew Stone,11
CEFA7BBCef013AE,Kirk,Walsh,Female,stephenfuller@example.org,555-789-0123,4/8/2009,Accounting technician,8/3/2014,59800,Kirk Walsh,9
9edBC94aE7cA22a,Willie,Vang,Female,haleymathews@example.net,555-012-9876,2/2/1978,Management consultant,4/28/2011,48050,Willie Vang,12
fFe7BAA737aDbe2,Miguel,Hill,Female,tyrone56@example.org,555-234-5678,8/26/1930,Make,9/20/2017,27000,Miguel Hill,6
5F2f3fAca8B0946,Darren,Andrews,Male,lhernandez@example.com,555-543-2109,10/4/1997,Retail banker,3/15/2016,96000,Darren Andrews,7
6bFcfc3cc1BC6B4,Haley,Pugh,Female,molly03@example.org,555-210-9876,9/16/1980,Commissioning editor,6/9/2010,26800,Haley Pugh,13
f3BD2cBF7eEb6df,Danielle,Estrada,Female,jvang@example.org,555-321-0987,7/9/1930,"Accountant, chartered management",11/14/2019,56900,Danielle Estrada,4
Ee4eB129dC7913A,Becky,Brady,Male,erikmueller@example.org,555-109-8765,6/27/1957,Seismic interpreter,2/5/2012,25600,Becky Brady,12
dBCEf340C3657Eb,Caitlyn,Frey,Male,rivasdominique@example.org,555-678-9012,1/26/1968,Jewellery designer,7/31/2015,35400,Caitlyn Frey,8
E47FB71DD9ACCd9,Joshua,Sweeney,Male,daisymcgee@example.net,555-890-1234,7/28/1954,"Education officer, museum",12/28/2013,48500,Joshua Sweeney,10
eA3fDd79BE9f0E7,Heidi,Escobar,Female,staffordtravis@example.net,555-789-0123,9/25/1931,Estate manager/land agent,5/23/2016,87000,Heidi Escobar,7
aF0eE4547Bc025c,Brian,Oconnell,Female,saralong@example.net,555-456-7890,10/23/1911,Physiotherapist,10/7/2010,48500,Brian Oconnell,13
9F5DeD7aD228F5a,Beverly,Esparza,Female,iphelps@example.net,555-987-6543,12/9/1930,Passenger transport manager,1/29/2018,69500,Beverly Esparza,6
D3Fa0220dDE4d36,Nathaniel,Rivas,Female,roberto29@example.com,555-321-0987,11/17/1908,Call centre manager,8/18/2011,34800,Nathaniel Rivas,12
60FdBFd5e7BE8fF,Debra,Payne,Female,yolanda07@example.org,555-012-9876,8/20/1927,Special educational needs teacher,4/3/2014,78400,Debra Payne,9
D8bF5Ab2b98caff,Mackenzie,Rocha,Female,abbottyvette@example.net,555-678-9012,10/21/1980,Museum/gallery exhibitions officer,9/30/2019,48500,Mackenzie Rocha,4
CD8d33aA25bc8BB,Courtney,Watkins,Female,ochang@example.org,555-890-1234,12/7/2003,Pension scheme manager,3/25/2013,32600,Courtney Watkins,10
Fac3BfFf0A3d03c,Fred,Olsen,Female,amyanderson@example.com,555-210-9876,4/10/1910,Archaeologist,6/20/2017,45000,Fred Olsen,6
e552D7ddafe1FFb,Ryan,Nelson,Female,qnorman@example.org,555-543-2109,5/2/1924,Historic buildings inspector/conservation officer,11/9/2012,60000,Ryan Nelson,11
0f8deedb629A5f6,Grace,Phelps,Male,clarkeangela@example.net,555-109-8765,10/15/1909,Petroleum engineer,2/17/2015,68200,Grace Phelps,9
bB9e49E506F65ed,Shari,Daugherty,Male,kalvarado@example.org,555-234-5678,11/24/1944,Curator,7/11/2016,86500,Shari Daugherty,7
Ed724605A403D91,Kelli,Garner,Male,jodyvincent@example.org,555-789-0123,1/17/2010,Retail banker,12/6/2010,49600,Kelli Garner,13
0aBE5ACb18E0c10,Jackie,Bennett,Male,hutchinsonkirk@example.com,555-456-7890,11/11/1915,Neurosurgeon,5/1/2019,34860,Jackie Bennett,4
5D2cb63CaAF53f6,Leslie,Conway,Female,floreschristina@example.org,555-987-6543,11/6/1983,Chiropractor,10/25/2012,98500,Leslie Conway,11
Ee6974f90eeCe18,Harold,Barnett,Female,nathan65@example.org,555-012-9876,3/15/1943,"Biochemist, clinical",1/20/2015,31500,Harold Barnett,9
9Df5Ba591bF3EFf,Mike,Ward,Female,imccullough@example.com,555-321-0987,11/9/1967,Hydrologist,4/2/2011,78400,Mike Ward,12
3faB1CBfEFBDdD4,Brittney,Rubio,Female,corey92@example.com,555-678-9012,12/24/1959,"Biochemist, clinical",9/15/2014,61500,Brittney Rubio,9
Ebcefdf75eCb0a9,Frank,Pineda,Male,daltoncalvin@example.net,555-543-2109,3/10/1926,Hospital pharmacist,3/11/2016,65820,Frank Pineda,7
e75e5DBfcb68887,Sandra,Wu,Male,ubanks@example.com,555-109-8765,4/28/1925,Warehouse manager,6/5/2013,31520,Sandra Wu,10
6a53a8D41dDF6de,Ryan,Benton,Male,lopezdebbie@example.org,555-234-5678,10/6/2020,Physiological scientist,11/4/2011,95000,Ryan Benton,12
F0d3bD1aaf9E3Bc,Tamara,Hull,Male,meagan39@example.net,555-789-0123,1/31/1933,English as a second language teacher,2/26/2018,48200,Tamara Hull,5
5bC87340799FBD0,Jean,Ritter,Female,kristina76@example.com,555-456-7890,8/6/1985,Financial trader,7/20/2010,61520,Jean Ritter,13
dBfA17Aaf16b4ab,Veronica,Briggs,Female,weissbridget@example.com,555-321-0987,6/8/1974,Structural engineer,12/13/2015,65000,Veronica Briggs,8
c935b7Eb6FA0B0F,Kim,Andrews,Female,wpetersen@example.org,555-890-1234,11/15/1990,"Biochemist, clinical",5/8/2012,45200,Kim Andrews,11
b3e15e65Ca2CcBf,Tina,Cunningham,Male,wongmary@example.org,555-987-6543,11/29/1956,Race relations officer,10/1/2014,34900,Tina Cunningham,9
dade3452F0c32FD,Jonathon,Atkinson,Male,gailfrench@example.net,555-012-9876,7/19/2011,"Psychologist, forensic",1/26/2017,85000,Jonathon Atkinson,7
AdEd6cfD85DeC46,Jermaine,Reid,Female,vpaul@example.com,555-210-9876,8/18/1974,Newspaper journalist,8/15/2013,26800,Jermaine Reid,10
DAf111987098ae4,Regina,Stevens,Male,xpoole@example.net,555-543-2109,11/28/2011,Public house manager,4/28/2010,45000,Regina Stevens,13
6e6a5b885F6496d,Terrence,Huff,Male,cassandra80@example.org,555-678-9012,2/27/1944,Careers information officer,9/22/2018,65990,Terrence Huff,5
12DCb4ED8E01D5C,Tyler,Foley,Female,johnathan72@example.org,555-109-8765,9/19/1908,Economist,3/7/2011,35400,Tyler Foley,12
E1cB5cA8CA7CC0a,Andrew,Waters,Male,nhall@example.net,555-321-0987,5/14/1948,Jewellery designer,6/30/2016,45800,Andrew Waters,7
AedDfaE8Cf49F07,Reginald,Stephenson,Male,erikaball@example.net,555-789-0123,2/8/2010,Contracting civil engineer,11/17/2013,65900,Reginald Stephenson,10
bff9853aFAeF772,Douglas,Reese,Female,nixonvanessa@example.net,555-456-7890,11/11/1961,Higher education lecturer,2/13/2019,24500,Douglas Reese,5
E883773cA5219Be,Helen,Williamson,Female,melvin08@example.net,555-234-5678,8/11/1911,"Lecturer, further education",7/7/2012,85100,Helen Williamson,11
CB19EafEbBfF9eC,Mario,Vaughn,Male,oblake@example.com,555-012-9876,7/8/1990,Research scientist (life sciences),12/3/2014,45000,Mario Vaughn,9
5834700fbEd2771,Chelsea,Dickson,Male,johnnyhendricks@example.net,555-890-1234,5/13/1958,"Teacher, early years/pre",5/27/2015,78400,Chelsea Dickson,8
2b0Ab1Dc9E01D7E,Dustin,Bailey,Male,pbarron@example.net,555-210-9876,8/22/1908,Travel agency manager,10/11/2010,65000,Dustin Bailey,13
3f3a3D89ad042Dd,Harry,Medina,Female,olsenmalik@example.net,555-678-9012,8/24/1947,Technical sales engineer,1/31/2013,85600,Harry Medina,11
9425E2F38C408ef,Kathy,Haney,Female,teresa37@example.com,555-543-2109,9/2/1955,Charity fundraiser,8/26/2017,45000,Kathy Haney,6
F0aeC9c2759F3C6,Alison,Nixon,Female,zmiles@example.net,555-321-0987,7/10/1941,Patent attorney,4/12/2012,95000,Alison Nixon,11
d6EA619A7C4aA95,Jamie,Hardy,Female,sheenadouglas@example.com,555-789-0123,7/17/1994,"Conservator, furniture",9/5/2019,23650,Jamie Hardy,4
2A33E7Cad1bb0F5,Melody,Cox,Female,evan90@example.org,555-234-5678,7/30/1974,Dance movement psychotherapist,3/1/2014,24520,Melody Cox,9
d181FFB7d3E68bb,Xavier,Cole,Male,nicolas90@example.org,555-456-7890,11/29/1938,Financial planner,6/24/2011,85200,Xavier Cole,12
feaBf8dAE0C0d6F,Dillon,Guzman,Female,angelanavarro@example.net,555-987-6543,4/1/1942,Air broker,11/21/2016,96450,Dillon Guzman,7
5eFda7caAeB260E,Dennis,Barnes,Female,bmartin@example.org,555-012-9876,7/30/1954,Software engineer,2/18/2018,32560,Dennis Barnes,6
CCbFce93d3720bE,Steve,Patterson,Female,latasha46@example.net,555-678-9012,4/29/1932,Barrister,7/14/2010,28000,Steve Patterson,13
2fEc528aFAF0b69,Wesley,Bray,Male,regina11@example.org,555-109-8765,12/28/1994,Police officer,12/9/2015,85900,Wesley Bray,8
b8D0aD3490FC7e1,Mariah,Bernard,Male,pcopeland@example.org,555-543-2109,11/15/2016,IT sales professional,10/28/2014,25600,Mariah Bernard,9
